{"cameraMode":{"drawMode":0,"name":"Shaded","section":"Shading Mode"},"sceneLighting":true,"audioPlay":false,"sceneViewState":{"showFog":true,"showMaterialUpdate":false,"showSkybox":true,"showFlares":true,"showImageEffects":true,"showParticleSystems":true},"in2DMode":false,"pivot":{"x":-0.5613230466842651,"y":1.4959306716918946,"z":0.7274231910705566},"rotation":{"x":-0.24226826429367066,"y":-0.15148617327213288,"z":0.03832774981856346,"w":-0.9575432538986206},"size":6.07177209854126,"orthographic":false}